,Image,Dice_base,K
0,111018930978236771390670303639566239985_1bnarb.png,0.8364123973268331,1
1,111018930978236771390670303639566239985_1bnarb.png,0.8364123973268331,3
2,111018930978236771390670303639566239985_1bnarb.png,0.8364123973268331,5
3,111018930978236771390670303639566239985_1bnarb.png,0.8364123973268331,7
4,111018930978236771390670303639566239985_1bnarb.png,0.8364123973268331,9
5,159364525876157332485573893353941089455_aepmh7.png,0.8540581127187066,1
6,159364525876157332485573893353941089455_aepmh7.png,0.8778231313219692,3
7,159364525876157332485573893353941089455_aepmh7.png,0.8778231313219692,5
8,159364525876157332485573893353941089455_aepmh7.png,0.8778231313219692,7
9,159364525876157332485573893353941089455_aepmh7.png,0.8778231313219692,9
10,10996416492353037588312781035930080694_8rstz0.png,0.8193317476842177,1
11,10996416492353037588312781035930080694_8rstz0.png,0.8193317476842177,3
12,10996416492353037588312781035930080694_8rstz0.png,0.8193317476842177,5
13,10996416492353037588312781035930080694_8rstz0.png,0.8435170704044895,7
14,10996416492353037588312781035930080694_8rstz0.png,0.8684712264476965,9
15,145698282304700116300882843111967537977_f6qhtv.png,0.8401836466987319,1
16,145698282304700116300882843111967537977_f6qhtv.png,0.8682990564971041,3
17,145698282304700116300882843111967537977_f6qhtv.png,0.8973244123791049,5
18,145698282304700116300882843111967537977_f6qhtv.png,0.8973244123791049,7
19,145698282304700116300882843111967537977_f6qhtv.png,0.8973244123791049,9
20,127776313362848303557368271134995152837_apvrf1.png,0.7970274287258479,1
21,127776313362848303557368271134995152837_apvrf1.png,0.8796305978928656,3
22,127776313362848303557368271134995152837_apvrf1.png,0.8796305978928656,5
23,127776313362848303557368271134995152837_apvrf1.png,0.8796305978928656,7
24,127776313362848303557368271134995152837_apvrf1.png,0.8796305978928656,9
25,103416378058309979932405295235813040436_1g2pmw.png,0.7358229474002623,1
26,103416378058309979932405295235813040436_1g2pmw.png,0.7797233679123443,3
27,103416378058309979932405295235813040436_1g2pmw.png,0.7998322716485555,5
28,103416378058309979932405295235813040436_1g2pmw.png,0.7998322716485555,7
29,103416378058309979932405295235813040436_1g2pmw.png,0.813844914681198,9
30,278147989796380509519073707235611243961_lgo9hx.png,0.8144757002811538,1
31,278147989796380509519073707235611243961_lgo9hx.png,0.8144757002811538,3
32,278147989796380509519073707235611243961_lgo9hx.png,0.8144757002811538,5
33,278147989796380509519073707235611243961_lgo9hx.png,0.8402264725438157,7
34,278147989796380509519073707235611243961_lgo9hx.png,0.8402264725438157,9
35,245895219126534788779109786698958326807_1a9ait.png,0.8196109316387797,1
36,245895219126534788779109786698958326807_1a9ait.png,0.8314428715536409,3
37,245895219126534788779109786698958326807_1a9ait.png,0.8314428715536409,5
38,245895219126534788779109786698958326807_1a9ait.png,0.8462095605987445,7
39,245895219126534788779109786698958326807_1a9ait.png,0.8462095605987445,9
40,47513502650936350354964244779459913004-3_th1gik.png,0.823372183255671,1
41,47513502650936350354964244779459913004-3_th1gik.png,0.823372183255671,3
42,47513502650936350354964244779459913004-3_th1gik.png,0.8712014505200878,5
43,47513502650936350354964244779459913004-3_th1gik.png,0.8712014505200878,7
44,47513502650936350354964244779459913004-3_th1gik.png,0.8712014505200878,9
45,182153357033863986819477081579951131676_yetgon.png,0.8695432232164175,1
46,182153357033863986819477081579951131676_yetgon.png,0.8695432232164175,3
47,182153357033863986819477081579951131676_yetgon.png,0.8695432232164175,5
48,182153357033863986819477081579951131676_yetgon.png,0.8695432232164175,7
49,182153357033863986819477081579951131676_yetgon.png,0.87607146938931,9
50,146381384591357414868726401545939282660_96eirs.png,0.8539848781620253,1
51,146381384591357414868726401545939282660_96eirs.png,0.8539848781620253,3
52,146381384591357414868726401545939282660_96eirs.png,0.9048173889740109,5
53,146381384591357414868726401545939282660_96eirs.png,0.9048173889740109,7
54,146381384591357414868726401545939282660_96eirs.png,0.9048173889740109,9
55,111016754890854009969250427027267219881_wkp0ya.png,0.8221067301550432,1
56,111016754890854009969250427027267219881_wkp0ya.png,0.8642685268031655,3
57,111016754890854009969250427027267219881_wkp0ya.png,0.8642685268031655,5
58,111016754890854009969250427027267219881_wkp0ya.png,0.8642685268031655,7
59,111016754890854009969250427027267219881_wkp0ya.png,0.8642685268031655,9
60,282084762366059076387208905274707563447_d4ptrb.png,0.8152537354266846,1
61,282084762366059076387208905274707563447_d4ptrb.png,0.8713092077296706,3
62,282084762366059076387208905274707563447_d4ptrb.png,0.8713092077296706,5
63,282084762366059076387208905274707563447_d4ptrb.png,0.8713092077296706,7
64,282084762366059076387208905274707563447_d4ptrb.png,0.8713092077296706,9
65,64947154984935334365130497226051564059_piq56n.png,0.754899521653821,1
66,64947154984935334365130497226051564059_piq56n.png,0.8090669039885531,3
67,64947154984935334365130497226051564059_piq56n.png,0.8090669039885531,5
68,64947154984935334365130497226051564059_piq56n.png,0.8090669039885531,7
69,64947154984935334365130497226051564059_piq56n.png,0.8090669039885531,9
70,173480850478104643017119358503404014196_qey2vk.png,0.6752191823777798,1
71,173480850478104643017119358503404014196_qey2vk.png,0.7736622799226526,3
72,173480850478104643017119358503404014196_qey2vk.png,0.7767518897331572,5
73,173480850478104643017119358503404014196_qey2vk.png,0.7767518897331572,7
74,173480850478104643017119358503404014196_qey2vk.png,0.7767518897331572,9
75,117922406082772720514160287292487390144_3qnpe6.png,0.8173518833050255,1
76,117922406082772720514160287292487390144_3qnpe6.png,0.8464181875953929,3
77,117922406082772720514160287292487390144_3qnpe6.png,0.8464181875953929,5
78,117922406082772720514160287292487390144_3qnpe6.png,0.8464181875953929,7
79,117922406082772720514160287292487390144_3qnpe6.png,0.8487957451204611,9
80,112456448066531979951054695594530500685_wrc6wl.png,0.7732395687359118,1
81,112456448066531979951054695594530500685_wrc6wl.png,0.8581992290615094,3
82,112456448066531979951054695594530500685_wrc6wl.png,0.8581992290615094,5
83,112456448066531979951054695594530500685_wrc6wl.png,0.8581992290615094,7
84,112456448066531979951054695594530500685_wrc6wl.png,0.8581992290615094,9
85,114041240061582113028394479929792704149_u7xmxu.png,0.7508787797808704,1
86,114041240061582113028394479929792704149_u7xmxu.png,0.8082983257378445,3
87,114041240061582113028394479929792704149_u7xmxu.png,0.8253097181819506,5
88,114041240061582113028394479929792704149_u7xmxu.png,0.8253097181819506,7
89,114041240061582113028394479929792704149_u7xmxu.png,0.8253097181819506,9
90,10155709300728342918543955138521808206_f7cj92.png,0.8143866964665332,1
91,10155709300728342918543955138521808206_f7cj92.png,0.8454373000368074,3
92,10155709300728342918543955138521808206_f7cj92.png,0.8454373000368074,5
93,10155709300728342918543955138521808206_f7cj92.png,0.8454373000368074,7
94,10155709300728342918543955138521808206_f7cj92.png,0.8454373000368074,9
95,327043651451092435505761971551575640871_3qwimg.png,0.8199454888862098,1
96,327043651451092435505761971551575640871_3qwimg.png,0.8511236419559142,3
97,327043651451092435505761971551575640871_3qwimg.png,0.8511236419559142,5
98,327043651451092435505761971551575640871_3qwimg.png,0.8511236419559142,7
99,327043651451092435505761971551575640871_3qwimg.png,0.859917570466187,9
100,1256842362861431725328351539259305635_u1qifz.png,0.7550230176827432,1
101,1256842362861431725328351539259305635_u1qifz.png,0.8660808008072981,3
102,1256842362861431725328351539259305635_u1qifz.png,0.8660808008072981,5
103,1256842362861431725328351539259305635_u1qifz.png,0.8660808008072981,7
104,1256842362861431725328351539259305635_u1qifz.png,0.9198308034347201,9
105,289108620230468119174968226927683707287_9wupg2.png,0.7120808505666549,1
106,289108620230468119174968226927683707287_9wupg2.png,0.7977679811449959,3
107,289108620230468119174968226927683707287_9wupg2.png,0.7977679811449959,5
108,289108620230468119174968226927683707287_9wupg2.png,0.7977679811449959,7
109,289108620230468119174968226927683707287_9wupg2.png,0.7977679811449959,9
110,199072368172967010909636348828886390156_co5vik.png,0.8633885835844708,1
111,199072368172967010909636348828886390156_co5vik.png,0.8633885835844708,3
112,199072368172967010909636348828886390156_co5vik.png,0.9048475398881608,5
113,199072368172967010909636348828886390156_co5vik.png,0.9048475398881608,7
114,199072368172967010909636348828886390156_co5vik.png,0.9048475398881608,9
115,257475948814337233640540177569885227207_jaj8iw.png,0.7615257436317614,1
116,257475948814337233640540177569885227207_jaj8iw.png,0.7711951929396301,3
117,257475948814337233640540177569885227207_jaj8iw.png,0.8096953438352252,5
118,257475948814337233640540177569885227207_jaj8iw.png,0.8096953438352252,7
119,257475948814337233640540177569885227207_jaj8iw.png,0.8096953438352252,9
120,126455653911678893263056441159987922516_uz7fwy.png,0.8179850898136657,1
121,126455653911678893263056441159987922516_uz7fwy.png,0.8373140998196859,3
122,126455653911678893263056441159987922516_uz7fwy.png,0.8373140998196859,5
123,126455653911678893263056441159987922516_uz7fwy.png,0.8373140998196859,7
124,126455653911678893263056441159987922516_uz7fwy.png,0.8373140998196859,9
125,287658295007948631772703202498743716060_3yiz93.png,0.7031526469771179,1
126,287658295007948631772703202498743716060_3yiz93.png,0.777277047748124,3
127,287658295007948631772703202498743716060_3yiz93.png,0.7991758324695843,5
128,287658295007948631772703202498743716060_3yiz93.png,0.8060388987697629,7
129,287658295007948631772703202498743716060_3yiz93.png,0.8487066810514959,9
130,131603548504748381186066883008735293279_x4x4ls.png,0.8777091552735221,1
131,131603548504748381186066883008735293279_x4x4ls.png,0.8777091552735221,3
132,131603548504748381186066883008735293279_x4x4ls.png,0.8777091552735221,5
133,131603548504748381186066883008735293279_x4x4ls.png,0.8777091552735221,7
134,131603548504748381186066883008735293279_x4x4ls.png,0.8777091552735221,9
135,CHNCXR_0411_1.png,0.8560627611877507,1
136,CHNCXR_0411_1.png,0.8636644070897389,3
137,CHNCXR_0411_1.png,0.8813190917832932,5
138,CHNCXR_0411_1.png,0.8813190917832932,7
139,CHNCXR_0411_1.png,0.8813190917832932,9
140,CHNCXR_0103_0.png,0.8688033613179404,1
141,CHNCXR_0103_0.png,0.9120959498240756,3
142,CHNCXR_0103_0.png,0.9120959498240756,5
143,CHNCXR_0103_0.png,0.9251055783170501,7
144,CHNCXR_0103_0.png,0.9251055783170501,9
145,CHNCXR_0225_0.png,0.792623611013364,1
146,CHNCXR_0225_0.png,0.9010836607883395,3
147,CHNCXR_0225_0.png,0.9010836607883395,5
148,CHNCXR_0225_0.png,0.9010836607883395,7
149,CHNCXR_0225_0.png,0.9010836607883395,9
150,CHNCXR_0263_0.png,0.8687033249298387,1
151,CHNCXR_0263_0.png,0.8816818125823234,3
152,CHNCXR_0263_0.png,0.8816818125823234,5
153,CHNCXR_0263_0.png,0.8907424261300888,7
154,CHNCXR_0263_0.png,0.8907424261300888,9
155,CHNCXR_0627_1.png,0.8570861310335308,1
156,CHNCXR_0627_1.png,0.8570861310335308,3
157,CHNCXR_0627_1.png,0.9102603208910347,5
158,CHNCXR_0627_1.png,0.9102603208910347,7
159,CHNCXR_0627_1.png,0.9102603208910347,9
160,CHNCXR_0077_0.png,0.8576770732149238,1
161,CHNCXR_0077_0.png,0.8576770732149238,3
162,CHNCXR_0077_0.png,0.8576770732149238,5
163,CHNCXR_0077_0.png,0.8576770732149238,7
164,CHNCXR_0077_0.png,0.8666387197900339,9
165,CHNCXR_0165_0.png,0.890553110574955,1
166,CHNCXR_0165_0.png,0.9086133026899821,3
167,CHNCXR_0165_0.png,0.9171512344625375,5
168,CHNCXR_0165_0.png,0.9171512344625375,7
169,CHNCXR_0165_0.png,0.9171512344625375,9
170,CHNCXR_0390_1.png,0.8641828832574474,1
171,CHNCXR_0390_1.png,0.8716587640683618,3
172,CHNCXR_0390_1.png,0.8777909740706804,5
173,CHNCXR_0390_1.png,0.9112161100736861,7
174,CHNCXR_0390_1.png,0.9118680465270561,9
175,CHNCXR_0416_1.png,0.860314651816036,1
176,CHNCXR_0416_1.png,0.860314651816036,3
177,CHNCXR_0416_1.png,0.8895039284929427,5
178,CHNCXR_0416_1.png,0.8895039284929427,7
179,CHNCXR_0416_1.png,0.8895039284929427,9
180,CHNCXR_0247_0.png,0.8072080003054237,1
181,CHNCXR_0247_0.png,0.8353649468710274,3
182,CHNCXR_0247_0.png,0.8353649468710274,5
183,CHNCXR_0247_0.png,0.8353649468710274,7
184,CHNCXR_0247_0.png,0.8353649468710274,9
185,CHNCXR_0599_1.png,0.8545338364524242,1
186,CHNCXR_0599_1.png,0.8545338364524242,3
187,CHNCXR_0599_1.png,0.8570654242730177,5
188,CHNCXR_0599_1.png,0.8810279175375783,7
189,CHNCXR_0599_1.png,0.8810279175375783,9
190,CHNCXR_0172_0.png,0.9002875527947901,1
191,CHNCXR_0172_0.png,0.9002875527947901,3
192,CHNCXR_0172_0.png,0.9002875527947901,5
193,CHNCXR_0172_0.png,0.9002875527947901,7
194,CHNCXR_0172_0.png,0.9183136724624881,9
195,CHNCXR_0659_1.png,0.8947223209163936,1
196,CHNCXR_0659_1.png,0.8947223209163936,3
197,CHNCXR_0659_1.png,0.8947223209163936,5
198,CHNCXR_0659_1.png,0.8947223209163936,7
199,CHNCXR_0659_1.png,0.8947223209163936,9
200,CHNCXR_0420_1.png,0.8879377820068142,1
201,CHNCXR_0420_1.png,0.8879377820068142,3
202,CHNCXR_0420_1.png,0.8912809170713584,5
203,CHNCXR_0420_1.png,0.8912809170713584,7
204,CHNCXR_0420_1.png,0.924654016187663,9
205,CHNCXR_0100_0.png,0.8973279972254986,1
206,CHNCXR_0100_0.png,0.8973279972254986,3
207,CHNCXR_0100_0.png,0.8973279972254986,5
208,CHNCXR_0100_0.png,0.8973279972254986,7
209,CHNCXR_0100_0.png,0.8973279972254986,9
210,CHNCXR_0426_1.png,0.7921399142837575,1
211,CHNCXR_0426_1.png,0.8187589519113956,3
212,CHNCXR_0426_1.png,0.8399879298738937,5
213,CHNCXR_0426_1.png,0.8904510799256627,7
214,CHNCXR_0426_1.png,0.8904510799256627,9
215,CHNCXR_0625_1.png,0.865983001703626,1
216,CHNCXR_0625_1.png,0.865983001703626,3
217,CHNCXR_0625_1.png,0.865983001703626,5
218,CHNCXR_0625_1.png,0.865983001703626,7
219,CHNCXR_0625_1.png,0.8906143970804531,9
220,CHNCXR_0440_1.png,0.7803351289203058,1
221,CHNCXR_0440_1.png,0.9315699319795442,3
222,CHNCXR_0440_1.png,0.9315699319795442,5
223,CHNCXR_0440_1.png,0.9315699319795442,7
224,CHNCXR_0440_1.png,0.9315699319795442,9
225,CHNCXR_0370_1.png,0.8062352074483926,1
226,CHNCXR_0370_1.png,0.8094063511597421,3
227,CHNCXR_0370_1.png,0.8411980868722717,5
228,CHNCXR_0370_1.png,0.8640187000468018,7
229,CHNCXR_0370_1.png,0.8771051218047964,9
230,CHNCXR_0261_0.png,0.7757677745056795,1
231,CHNCXR_0261_0.png,0.8536490883735344,3
232,CHNCXR_0261_0.png,0.8536490883735344,5
233,CHNCXR_0261_0.png,0.8581455223527408,7
234,CHNCXR_0261_0.png,0.9031631271699258,9
235,CHNCXR_0604_1.png,0.900060833325767,1
236,CHNCXR_0604_1.png,0.900060833325767,3
237,CHNCXR_0604_1.png,0.900060833325767,5
238,CHNCXR_0604_1.png,0.900060833325767,7
239,CHNCXR_0604_1.png,0.900060833325767,9
240,CHNCXR_0628_1.png,0.881299459956414,1
241,CHNCXR_0628_1.png,0.9215354705441584,3
242,CHNCXR_0628_1.png,0.9215354705441584,5
243,CHNCXR_0628_1.png,0.9215354705441584,7
244,CHNCXR_0628_1.png,0.9215354705441584,9
245,CHNCXR_0137_0.png,0.8165422804685488,1
246,CHNCXR_0137_0.png,0.8707153613706854,3
247,CHNCXR_0137_0.png,0.8707153613706854,5
248,CHNCXR_0137_0.png,0.9003402293064625,7
249,CHNCXR_0137_0.png,0.9003402293064625,9
250,CHNCXR_0173_0.png,0.8945394373965803,1
251,CHNCXR_0173_0.png,0.8945394373965803,3
252,CHNCXR_0173_0.png,0.8945394373965803,5
253,CHNCXR_0173_0.png,0.9202398262896706,7
254,CHNCXR_0173_0.png,0.9202398262896706,9
255,CHNCXR_0595_1.png,0.8213064519310249,1
256,CHNCXR_0595_1.png,0.875273337569862,3
257,CHNCXR_0595_1.png,0.8822534504059885,5
258,CHNCXR_0595_1.png,0.8822534504059885,7
259,CHNCXR_0595_1.png,0.9166599430150753,9
260,CHNCXR_0098_0.png,0.838477673104669,1
261,CHNCXR_0098_0.png,0.8450947352997739,3
262,CHNCXR_0098_0.png,0.8450947352997739,5
263,CHNCXR_0098_0.png,0.8450947352997739,7
264,CHNCXR_0098_0.png,0.8455910552556274,9
265,CHNCXR_0366_1.png,0.8534700254360934,1
266,CHNCXR_0366_1.png,0.8861052362248661,3
267,CHNCXR_0366_1.png,0.8861052362248661,5
268,CHNCXR_0366_1.png,0.8861052362248661,7
269,CHNCXR_0366_1.png,0.8861052362248661,9
270,CHNCXR_0005_0.png,0.8367022594465897,1
271,CHNCXR_0005_0.png,0.8911574027029774,3
272,CHNCXR_0005_0.png,0.8911574027029774,5
273,CHNCXR_0005_0.png,0.9047398724000207,7
274,CHNCXR_0005_0.png,0.906381487378213,9
275,CHNCXR_0567_1.png,0.8879308144313581,1
276,CHNCXR_0567_1.png,0.8879308144313581,3
277,CHNCXR_0567_1.png,0.8879308144313581,5
278,CHNCXR_0567_1.png,0.8879308144313581,7
279,CHNCXR_0567_1.png,0.8879308144313581,9
280,CHNCXR_0073_0.png,0.852597968389822,1
281,CHNCXR_0073_0.png,0.8609107403637651,3
282,CHNCXR_0073_0.png,0.8609107403637651,5
283,CHNCXR_0073_0.png,0.8703230424617528,7
284,CHNCXR_0073_0.png,0.8703230424617528,9
285,CHNCXR_0044_0.png,0.8805108099508712,1
286,CHNCXR_0044_0.png,0.8970529298823687,3
287,CHNCXR_0044_0.png,0.9031268432268774,5
288,CHNCXR_0044_0.png,0.9031268432268774,7
289,CHNCXR_0044_0.png,0.9031268432268774,9
290,CHNCXR_0582_1.png,0.8825078779004998,1
291,CHNCXR_0582_1.png,0.8825078779004998,3
292,CHNCXR_0582_1.png,0.8825078779004998,5
293,CHNCXR_0582_1.png,0.9120665247571337,7
294,CHNCXR_0582_1.png,0.9120665247571337,9
295,CHNCXR_0392_1.png,0.8291655930467134,1
296,CHNCXR_0392_1.png,0.8291655930467134,3
297,CHNCXR_0392_1.png,0.8291655930467134,5
298,CHNCXR_0392_1.png,0.8291655930467134,7
299,CHNCXR_0392_1.png,0.8965649818329098,9
300,CHNCXR_0655_1.png,0.8591379491702336,1
301,CHNCXR_0655_1.png,0.886239278681054,3
302,CHNCXR_0655_1.png,0.886239278681054,5
303,CHNCXR_0655_1.png,0.886239278681054,7
304,CHNCXR_0655_1.png,0.895550129849944,9
305,CHNCXR_0639_1.png,0.9297691373025516,1
306,CHNCXR_0639_1.png,0.9297691373025516,3
307,CHNCXR_0639_1.png,0.9297691373025516,5
308,CHNCXR_0639_1.png,0.9297691373025516,7
309,CHNCXR_0639_1.png,0.9297691373025516,9
310,CHNCXR_0307_0.png,0.7580437239315395,1
311,CHNCXR_0307_0.png,0.8711070032320843,3
312,CHNCXR_0307_0.png,0.8711070032320843,5
313,CHNCXR_0307_0.png,0.8711070032320843,7
314,CHNCXR_0307_0.png,0.8711070032320843,9
315,CHNCXR_0597_1.png,0.8553782533960368,1
316,CHNCXR_0597_1.png,0.9177128419657464,3
317,CHNCXR_0597_1.png,0.9177128419657464,5
318,CHNCXR_0597_1.png,0.9177128419657464,7
319,CHNCXR_0597_1.png,0.9177128419657464,9
320,CHNCXR_0529_1.png,0.8656243592067686,1
321,CHNCXR_0529_1.png,0.8688075636694779,3
322,CHNCXR_0529_1.png,0.8999930827229476,5
323,CHNCXR_0529_1.png,0.9143130876864951,7
324,CHNCXR_0529_1.png,0.9143130876864951,9
325,CHNCXR_0380_1.png,0.749427307076598,1
326,CHNCXR_0380_1.png,0.7857177816760819,3
327,CHNCXR_0380_1.png,0.7857177816760819,5
328,CHNCXR_0380_1.png,0.7857177816760819,7
329,CHNCXR_0380_1.png,0.8346236768356404,9
330,CHNCXR_0387_1.png,0.8303351158589221,1
331,CHNCXR_0387_1.png,0.8845546502220553,3
332,CHNCXR_0387_1.png,0.8845546502220553,5
333,CHNCXR_0387_1.png,0.8845546502220553,7
334,CHNCXR_0387_1.png,0.8845546502220553,9
335,CHNCXR_0282_0.png,0.7868722438404063,1
336,CHNCXR_0282_0.png,0.823373371163933,3
337,CHNCXR_0282_0.png,0.8365416413514116,5
338,CHNCXR_0282_0.png,0.8365416413514116,7
339,CHNCXR_0282_0.png,0.8400609490186131,9
340,CHNCXR_0452_1.png,0.8987491958631295,1
341,CHNCXR_0452_1.png,0.9059110610323445,3
342,CHNCXR_0452_1.png,0.9059110610323445,5
343,CHNCXR_0452_1.png,0.9059110610323445,7
344,CHNCXR_0452_1.png,0.9059110610323445,9
345,CHNCXR_0394_1.png,0.8814875261515936,1
346,CHNCXR_0394_1.png,0.8814875261515936,3
347,CHNCXR_0394_1.png,0.8897288252014994,5
348,CHNCXR_0394_1.png,0.8897288252014994,7
349,CHNCXR_0394_1.png,0.8897288252014994,9
350,CHNCXR_0117_0.png,0.8762609840227666,1
351,CHNCXR_0117_0.png,0.8762609840227666,3
352,CHNCXR_0117_0.png,0.8762609840227666,5
353,CHNCXR_0117_0.png,0.8762609840227666,7
354,CHNCXR_0117_0.png,0.8790673123017176,9
355,CHNCXR_0521_1.png,0.8857628449825988,1
356,CHNCXR_0521_1.png,0.8857628449825988,3
357,CHNCXR_0521_1.png,0.8857628449825988,5
358,CHNCXR_0521_1.png,0.8857628449825988,7
359,CHNCXR_0521_1.png,0.8857628449825988,9
360,CHNCXR_0543_1.png,0.8360945131858926,1
361,CHNCXR_0543_1.png,0.8560386568644842,3
362,CHNCXR_0543_1.png,0.8560386568644842,5
363,CHNCXR_0543_1.png,0.8560386568644842,7
364,CHNCXR_0543_1.png,0.8560386568644842,9
365,CHNCXR_0536_1.png,0.8737641723356009,1
366,CHNCXR_0536_1.png,0.8737641723356009,3
367,CHNCXR_0536_1.png,0.9073707451030482,5
368,CHNCXR_0536_1.png,0.9073707451030482,7
369,CHNCXR_0536_1.png,0.9073707451030482,9
370,CHNCXR_0585_1.png,0.8040809070438115,1
371,CHNCXR_0585_1.png,0.8873412419222996,3
372,CHNCXR_0585_1.png,0.8873446909138046,5
373,CHNCXR_0585_1.png,0.8873446909138046,7
374,CHNCXR_0585_1.png,0.8873446909138046,9
375,CHNCXR_0480_1.png,0.9163582052019653,1
376,CHNCXR_0480_1.png,0.9163582052019653,3
377,CHNCXR_0480_1.png,0.9163582052019653,5
378,CHNCXR_0480_1.png,0.9163582052019653,7
379,CHNCXR_0480_1.png,0.9163582052019653,9
380,CHNCXR_0640_1.png,0.8859390363815143,1
381,CHNCXR_0640_1.png,0.8859390363815143,3
382,CHNCXR_0640_1.png,0.8859390363815143,5
383,CHNCXR_0640_1.png,0.8859390363815143,7
384,CHNCXR_0640_1.png,0.8859390363815143,9
385,CHNCXR_0068_0.png,0.9065405720133387,1
386,CHNCXR_0068_0.png,0.9065405720133387,3
387,CHNCXR_0068_0.png,0.9065405720133387,5
388,CHNCXR_0068_0.png,0.9065405720133387,7
389,CHNCXR_0068_0.png,0.9065405720133387,9
390,CHNCXR_0465_1.png,0.8935737127207162,1
391,CHNCXR_0465_1.png,0.8935737127207162,3
392,CHNCXR_0465_1.png,0.8935737127207162,5
393,CHNCXR_0465_1.png,0.8935737127207162,7
394,CHNCXR_0465_1.png,0.8935737127207162,9
395,CHNCXR_0544_1.png,0.8726770700012454,1
396,CHNCXR_0544_1.png,0.8726770700012454,3
397,CHNCXR_0544_1.png,0.8726770700012454,5
398,CHNCXR_0544_1.png,0.8726770700012454,7
399,CHNCXR_0544_1.png,0.8726770700012454,9
400,CHNCXR_0048_0.png,0.8336722943481734,1
401,CHNCXR_0048_0.png,0.8662603083542488,3
402,CHNCXR_0048_0.png,0.9105662449099854,5
403,CHNCXR_0048_0.png,0.9105662449099854,7
404,CHNCXR_0048_0.png,0.9105662449099854,9
405,CHNCXR_0149_0.png,0.8759999311875312,1
406,CHNCXR_0149_0.png,0.8759999311875312,3
407,CHNCXR_0149_0.png,0.8759999311875312,5
408,CHNCXR_0149_0.png,0.8759999311875312,7
409,CHNCXR_0149_0.png,0.8766490827643031,9
410,CHNCXR_0266_0.png,0.8684829184974925,1
411,CHNCXR_0266_0.png,0.8684829184974925,3
412,CHNCXR_0266_0.png,0.8788331547275575,5
413,CHNCXR_0266_0.png,0.8820276748747004,7
414,CHNCXR_0266_0.png,0.8820276748747004,9
415,CHNCXR_0130_0.png,0.8167222855282436,1
416,CHNCXR_0130_0.png,0.8826772284058221,3
417,CHNCXR_0130_0.png,0.8826772284058221,5
418,CHNCXR_0130_0.png,0.9371427871832908,7
419,CHNCXR_0130_0.png,0.9371427871832908,9
420,CHNCXR_0572_1.png,0.7781803436565462,1
421,CHNCXR_0572_1.png,0.9254868789398425,3
422,CHNCXR_0572_1.png,0.9254868789398425,5
423,CHNCXR_0572_1.png,0.9254868789398425,7
424,CHNCXR_0572_1.png,0.9254868789398425,9
425,CHNCXR_0280_0.png,0.7723039128603115,1
426,CHNCXR_0280_0.png,0.8626360855700487,3
427,CHNCXR_0280_0.png,0.8937228127790742,5
428,CHNCXR_0280_0.png,0.8937228127790742,7
429,CHNCXR_0280_0.png,0.8937228127790742,9
430,CHNCXR_0651_1.png,0.8268000773757153,1
431,CHNCXR_0651_1.png,0.8736269360181835,3
432,CHNCXR_0651_1.png,0.8736269360181835,5
433,CHNCXR_0651_1.png,0.9034180136394229,7
434,CHNCXR_0651_1.png,0.9150641278455253,9
435,CHNCXR_0534_1.png,0.7855997399501571,1
436,CHNCXR_0534_1.png,0.8620560277894964,3
437,CHNCXR_0534_1.png,0.8826010181813256,5
438,CHNCXR_0534_1.png,0.8826010181813256,7
439,CHNCXR_0534_1.png,0.8826010181813256,9
440,CHNCXR_0155_0.png,0.6285894003046951,1
441,CHNCXR_0155_0.png,0.6564962814529062,3
442,CHNCXR_0155_0.png,0.6981876173231224,5
443,CHNCXR_0155_0.png,0.7498839807800776,7
444,CHNCXR_0155_0.png,0.7498839807800776,9
445,CHNCXR_0650_1.png,0.8862665012916631,1
446,CHNCXR_0650_1.png,0.8862665012916631,3
447,CHNCXR_0650_1.png,0.8862665012916631,5
448,CHNCXR_0650_1.png,0.9081244983501293,7
449,CHNCXR_0650_1.png,0.9206634457339244,9
450,CHNCXR_0229_0.png,0.8359629903069852,1
451,CHNCXR_0229_0.png,0.8626239539064081,3
452,CHNCXR_0229_0.png,0.8626239539064081,5
453,CHNCXR_0229_0.png,0.8626239539064081,7
454,CHNCXR_0229_0.png,0.8626239539064081,9
455,CHNCXR_0617_1.png,0.852724170864896,1
456,CHNCXR_0617_1.png,0.8953616641277512,3
457,CHNCXR_0617_1.png,0.8953616641277512,5
458,CHNCXR_0617_1.png,0.8953616641277512,7
459,CHNCXR_0617_1.png,0.8953616641277512,9
460,CHNCXR_0113_0.png,0.8467059761308221,1
461,CHNCXR_0113_0.png,0.9173050089700145,3
462,CHNCXR_0113_0.png,0.9173050089700145,5
463,CHNCXR_0113_0.png,0.9173050089700145,7
464,CHNCXR_0113_0.png,0.9173050089700145,9
465,CHNCXR_0088_0.png,0.838307224471154,1
466,CHNCXR_0088_0.png,0.838307224471154,3
467,CHNCXR_0088_0.png,0.9039636337148066,5
468,CHNCXR_0088_0.png,0.9039636337148066,7
469,CHNCXR_0088_0.png,0.9039636337148066,9
470,CHNCXR_0159_0.png,0.9011001304291449,1
471,CHNCXR_0159_0.png,0.9011001304291449,3
472,CHNCXR_0159_0.png,0.9011001304291449,5
473,CHNCXR_0159_0.png,0.9011001304291449,7
474,CHNCXR_0159_0.png,0.9092781259077893,9
475,CHNCXR_0504_1.png,0.8586311727793584,1
476,CHNCXR_0504_1.png,0.8728242980399981,3
477,CHNCXR_0504_1.png,0.8728242980399981,5
478,CHNCXR_0504_1.png,0.91217731615891,7
479,CHNCXR_0504_1.png,0.91217731615891,9
480,CHNCXR_0180_0.png,0.7883093896739828,1
481,CHNCXR_0180_0.png,0.8465728499700585,3
482,CHNCXR_0180_0.png,0.8983246234245312,5
483,CHNCXR_0180_0.png,0.8983246234245312,7
484,CHNCXR_0180_0.png,0.8983246234245312,9
485,CHNCXR_0573_1.png,0.8243942683976804,1
486,CHNCXR_0573_1.png,0.8885839006517612,3
487,CHNCXR_0573_1.png,0.9015899399118323,5
488,CHNCXR_0573_1.png,0.9015899399118323,7
489,CHNCXR_0573_1.png,0.9015899399118323,9
490,CHNCXR_0378_1.png,0.8248183011695656,1
491,CHNCXR_0378_1.png,0.8542411870121627,3
492,CHNCXR_0378_1.png,0.8542411870121627,5
493,CHNCXR_0378_1.png,0.8542411870121627,7
494,CHNCXR_0378_1.png,0.8542411870121627,9
495,CHNCXR_0141_0.png,0.8176708367154645,1
496,CHNCXR_0141_0.png,0.9136311328721509,3
497,CHNCXR_0141_0.png,0.9136311328721509,5
498,CHNCXR_0141_0.png,0.9136311328721509,7
499,CHNCXR_0141_0.png,0.9136311328721509,9
500,CHNCXR_0328_1.png,0.8146026446426218,1
501,CHNCXR_0328_1.png,0.8330998276889383,3
502,CHNCXR_0328_1.png,0.8550006643509291,5
503,CHNCXR_0328_1.png,0.8608503146727472,7
504,CHNCXR_0328_1.png,0.8624885074385105,9
505,CHNCXR_0404_1.png,0.8762260625875758,1
506,CHNCXR_0404_1.png,0.8994739522816624,3
507,CHNCXR_0404_1.png,0.8994739522816624,5
508,CHNCXR_0404_1.png,0.9274088606042867,7
509,CHNCXR_0404_1.png,0.9274088606042867,9
510,CHNCXR_0648_1.png,0.7897710506831187,1
511,CHNCXR_0648_1.png,0.8337087695100183,3
512,CHNCXR_0648_1.png,0.8799931627986479,5
513,CHNCXR_0648_1.png,0.8799931627986479,7
514,CHNCXR_0648_1.png,0.8799931627986479,9
515,CHNCXR_0045_0.png,0.8654909758668274,1
516,CHNCXR_0045_0.png,0.8654909758668274,3
517,CHNCXR_0045_0.png,0.8654909758668274,5
518,CHNCXR_0045_0.png,0.8654909758668274,7
519,CHNCXR_0045_0.png,0.8654909758668274,9
520,CHNCXR_0176_0.png,0.7870813075647507,1
521,CHNCXR_0176_0.png,0.8308838673222047,3
522,CHNCXR_0176_0.png,0.8308838673222047,5
523,CHNCXR_0176_0.png,0.8379949434577018,7
524,CHNCXR_0176_0.png,0.8379949434577018,9
525,JPCNN081.png,0.9275456172107442,1
526,JPCNN081.png,0.9275456172107442,3
527,JPCNN081.png,0.942530706625876,5
528,JPCNN081.png,0.942530706625876,7
529,JPCNN081.png,0.942530706625876,9
530,JPCNN059.png,0.8665404440460275,1
531,JPCNN059.png,0.9079044235682724,3
532,JPCNN059.png,0.9135765265436723,5
533,JPCNN059.png,0.9135765265436723,7
534,JPCNN059.png,0.9135765265436723,9
535,JPCLN131.png,0.8508696773718055,1
536,JPCLN131.png,0.8508696773718055,3
537,JPCLN131.png,0.8508696773718055,5
538,JPCLN131.png,0.8508696773718055,7
539,JPCLN131.png,0.8508696773718055,9
540,JPCNN087.png,0.8497120476414057,1
541,JPCNN087.png,0.8497120476414057,3
542,JPCNN087.png,0.8506586022353964,5
543,JPCNN087.png,0.8640753013494693,7
544,JPCNN087.png,0.8718582994926001,9
545,JPCNN037.png,0.8241188087879228,1
546,JPCNN037.png,0.8241188087879228,3
547,JPCNN037.png,0.8331312270842505,5
548,JPCNN037.png,0.8477513368764323,7
549,JPCNN037.png,0.8477513368764323,9
550,JPCNN056.png,0.8888378748175558,1
551,JPCNN056.png,0.8888378748175558,3
552,JPCNN056.png,0.9141177146578308,5
553,JPCNN056.png,0.9141177146578308,7
554,JPCNN056.png,0.9141177146578308,9
555,JPCNN027.png,0.8970129357810172,1
556,JPCNN027.png,0.8970129357810172,3
557,JPCNN027.png,0.8970129357810172,5
558,JPCNN027.png,0.8970129357810172,7
559,JPCNN027.png,0.8970129357810172,9
560,JPCLN119.png,0.8481627319760564,1
561,JPCLN119.png,0.9095220574857176,3
562,JPCLN119.png,0.9095220574857176,5
563,JPCLN119.png,0.9095220574857176,7
564,JPCLN119.png,0.9095220574857176,9
565,JPCLN139.png,0.8934482875524504,1
566,JPCLN139.png,0.8934482875524504,3
567,JPCLN139.png,0.8934482875524504,5
568,JPCLN139.png,0.8934482875524504,7
569,JPCLN139.png,0.9190900287775672,9
570,JPCLN022.png,0.794801424466569,1
571,JPCLN022.png,0.794801424466569,3
572,JPCLN022.png,0.794801424466569,5
573,JPCLN022.png,0.9077829091445495,7
574,JPCLN022.png,0.9077829091445495,9
575,JPCLN030.png,0.8212502777973516,1
576,JPCLN030.png,0.8522434266842847,3
577,JPCLN030.png,0.8542405113247341,5
578,JPCLN030.png,0.8542405113247341,7
579,JPCLN030.png,0.8842454294104862,9
580,JPCLN133.png,0.7543352817801978,1
581,JPCLN133.png,0.8464499670408159,3
582,JPCLN133.png,0.889926855550597,5
583,JPCLN133.png,0.9344450694597731,7
584,JPCLN133.png,0.9344450694597731,9
585,JPCLN050.png,0.9103615656169449,1
586,JPCLN050.png,0.9103615656169449,3
587,JPCLN050.png,0.9103615656169449,5
588,JPCLN050.png,0.9103615656169449,7
589,JPCLN050.png,0.9103615656169449,9
590,JPCLN051.png,0.8484558257590484,1
591,JPCLN051.png,0.8484558257590484,3
592,JPCLN051.png,0.8803859082376566,5
593,JPCLN051.png,0.8856870101158973,7
594,JPCLN051.png,0.8928253678946729,9
595,JPCLN103.png,0.8749767899472137,1
596,JPCLN103.png,0.8749767899472137,3
597,JPCLN103.png,0.8997146506634113,5
598,JPCLN103.png,0.8997146506634113,7
599,JPCLN103.png,0.8997146506634113,9
600,JPCLN031.png,0.8900872640798061,1
601,JPCLN031.png,0.8900872640798061,3
602,JPCLN031.png,0.8923006244410088,5
603,JPCLN031.png,0.8923006244410088,7
604,JPCLN031.png,0.9034776844332828,9
605,JPCLN114.png,0.8734862756835748,1
606,JPCLN114.png,0.8734862756835748,3
607,JPCLN114.png,0.8734862756835748,5
608,JPCLN114.png,0.8991988764899997,7
609,JPCLN114.png,0.8991988764899997,9
610,JPCLN004.png,0.8154656402702211,1
611,JPCLN004.png,0.8608012413132831,3
612,JPCLN004.png,0.8608012413132831,5
613,JPCLN004.png,0.8668682368433398,7
614,JPCLN004.png,0.8668682368433398,9
615,JPCNN061.png,0.8711833514546992,1
616,JPCNN061.png,0.9340641844436056,3
617,JPCNN061.png,0.9340641844436056,5
618,JPCNN061.png,0.9340641844436056,7
619,JPCNN061.png,0.9340641844436056,9
620,JPCLN146.png,0.8574272647471058,1
621,JPCLN146.png,0.9096713053020101,3
622,JPCLN146.png,0.9096713053020101,5
623,JPCLN146.png,0.9096713053020101,7
624,JPCLN146.png,0.9125917545938199,9
625,JPCLN010.png,0.8842226648899962,1
626,JPCLN010.png,0.8842226648899962,3
627,JPCLN010.png,0.8842226648899962,5
628,JPCLN010.png,0.8842226648899962,7
629,JPCLN010.png,0.8842226648899962,9
630,JPCNN041.png,0.730053515408747,1
631,JPCNN041.png,0.8553911806543385,3
632,JPCNN041.png,0.8553911806543385,5
633,JPCNN041.png,0.8553911806543385,7
634,JPCNN041.png,0.8759264327843163,9
635,JPCLN017.png,0.8468693511916275,1
636,JPCLN017.png,0.8885224001074051,3
637,JPCLN017.png,0.8885224001074051,5
638,JPCLN017.png,0.8885224001074051,7
639,JPCLN017.png,0.8885224001074051,9
640,JPCLN151.png,0.879159312986957,1
641,JPCLN151.png,0.879159312986957,3
642,JPCLN151.png,0.8792653963747543,5
643,JPCLN151.png,0.8792653963747543,7
644,JPCLN151.png,0.8792653963747543,9
645,JPCLN058.png,0.8487001706348877,1
646,JPCLN058.png,0.8890608364797803,3
647,JPCLN058.png,0.8890608364797803,5
648,JPCLN058.png,0.9136588288964814,7
649,JPCLN058.png,0.9136588288964814,9
650,JPCNN079.png,0.7746395713168571,1
651,JPCNN079.png,0.7746395713168571,3
652,JPCNN079.png,0.8382699850644184,5
653,JPCNN079.png,0.8822248397704354,7
654,JPCNN079.png,0.8822248397704354,9
655,JPCLN060.png,0.8680662229049326,1
656,JPCLN060.png,0.8814719759935246,3
657,JPCLN060.png,0.9024415704923737,5
658,JPCLN060.png,0.9024415704923737,7
659,JPCLN060.png,0.9024415704923737,9
660,JPCNN008.png,0.884772786093258,1
661,JPCNN008.png,0.9009695470546009,3
662,JPCNN008.png,0.9009695470546009,5
663,JPCNN008.png,0.9009695470546009,7
664,JPCNN008.png,0.9009695470546009,9
665,JPCLN138.png,0.9035833537801768,1
666,JPCLN138.png,0.9035833537801768,3
667,JPCLN138.png,0.9035833537801768,5
668,JPCLN138.png,0.9035833537801768,7
669,JPCLN138.png,0.9035833537801768,9
670,JPCLN065.png,0.7747030450311131,1
671,JPCLN065.png,0.7747030450311131,3
672,JPCLN065.png,0.7876149276039538,5
673,JPCLN065.png,0.8092251845560474,7
674,JPCLN065.png,0.8092251845560474,9
675,JPCNN060.png,0.883080051060782,1
676,JPCNN060.png,0.883080051060782,3
677,JPCNN060.png,0.883080051060782,5
678,JPCNN060.png,0.883080051060782,7
679,JPCNN060.png,0.9023316719651248,9
680,JPCNN009.png,0.8966612391905965,1
681,JPCNN009.png,0.8966612391905965,3
682,JPCNN009.png,0.8966612391905965,5
683,JPCNN009.png,0.9006710900473933,7
684,JPCNN009.png,0.9006710900473933,9
685,JPCLN048.png,0.787738240116896,1
686,JPCLN048.png,0.8233740561584466,3
687,JPCLN048.png,0.8233740561584466,5
688,JPCLN048.png,0.8233740561584466,7
689,JPCLN048.png,0.8343104007680239,9
690,JPCLN095.png,0.8481392737669433,1
691,JPCLN095.png,0.8613585679558856,3
692,JPCLN095.png,0.8613585679558856,5
693,JPCLN095.png,0.8613585679558856,7
694,JPCLN095.png,0.8613585679558856,9
695,JPCNN093.png,0.8888932748879028,1
696,JPCNN093.png,0.8888932748879028,3
697,JPCNN093.png,0.9124834255486056,5
698,JPCNN093.png,0.9124834255486056,7
699,JPCNN093.png,0.9124834255486056,9
700,JPCNN074.png,0.8789251243574371,1
701,JPCNN074.png,0.9061223195026012,3
702,JPCNN074.png,0.9061223195026012,5
703,JPCNN074.png,0.9061223195026012,7
704,JPCNN074.png,0.9061223195026012,9
705,JPCNN086.png,0.8659862673328168,1
706,JPCNN086.png,0.8659862673328168,3
707,JPCNN086.png,0.89865067779481,5
708,JPCNN086.png,0.9015033958915123,7
709,JPCNN086.png,0.9015033958915123,9
710,JPCLN152.png,0.8264560117370201,1
711,JPCLN152.png,0.9064189235895096,3
712,JPCLN152.png,0.9064189235895096,5
713,JPCLN152.png,0.9064189235895096,7
714,JPCLN152.png,0.9064189235895096,9
715,JPCNN012.png,0.9491230385234142,1
716,JPCNN012.png,0.9491230385234142,3
717,JPCNN012.png,0.9491230385234142,5
718,JPCNN012.png,0.9491230385234142,7
719,JPCNN012.png,0.9491230385234142,9
720,JPCNN063.png,0.8517786743445008,1
721,JPCNN063.png,0.9252480359587337,3
722,JPCNN063.png,0.9252480359587337,5
723,JPCNN063.png,0.9252480359587337,7
724,JPCNN063.png,0.9252480359587337,9
725,JPCNN043.png,0.8902422925563988,1
726,JPCNN043.png,0.8902422925563988,3
727,JPCNN043.png,0.8902422925563988,5
728,JPCNN043.png,0.8902422925563988,7
729,JPCNN043.png,0.8902422925563988,9
730,JPCLN090.png,0.7946311474156933,1
731,JPCLN090.png,0.822537469401778,3
732,JPCLN090.png,0.8436016786237249,5
733,JPCLN090.png,0.8436016786237249,7
734,JPCLN090.png,0.8975346229478739,9
735,JPCLN071.png,0.7447077633546322,1
736,JPCLN071.png,0.824502516453736,3
737,JPCLN071.png,0.824502516453736,5
738,JPCLN071.png,0.824502516453736,7
739,JPCLN071.png,0.886049705586748,9
740,JPCLN147.png,0.8630026630348869,1
741,JPCLN147.png,0.9298183388776541,3
742,JPCLN147.png,0.9298183388776541,5
743,JPCLN147.png,0.9298183388776541,7
744,JPCLN147.png,0.9298183388776541,9
745,JPCLN067.png,0.7966129315315768,1
746,JPCLN067.png,0.8721444681898988,3
747,JPCLN067.png,0.8721444681898988,5
748,JPCLN067.png,0.8721444681898988,7
749,JPCLN067.png,0.8800532054128364,9
750,JPCNN070.png,0.8722822219762496,1
751,JPCNN070.png,0.8722822219762496,3
752,JPCNN070.png,0.8722822219762496,5
753,JPCNN070.png,0.8722822219762496,7
754,JPCNN070.png,0.8722822219762496,9
755,JPCLN024.png,0.891880696658307,1
756,JPCLN024.png,0.891880696658307,3
757,JPCLN024.png,0.891880696658307,5
758,JPCLN024.png,0.891880696658307,7
759,JPCLN024.png,0.891880696658307,9
760,JPCLN105.png,0.9170720628797504,1
761,JPCLN105.png,0.9170720628797504,3
762,JPCLN105.png,0.9170720628797504,5
763,JPCLN105.png,0.9170720628797504,7
764,JPCLN105.png,0.9170720628797504,9
765,JPCLN032.png,0.8499634400882756,1
766,JPCLN032.png,0.8901701626712328,3
767,JPCLN032.png,0.9207652756867313,5
768,JPCLN032.png,0.9309869192054628,7
769,JPCLN032.png,0.9309869192054628,9
770,MCUCXR_0195_1.png,0.862502797303796,1
771,MCUCXR_0195_1.png,0.8921278731973328,3
772,MCUCXR_0195_1.png,0.8921278731973328,5
773,MCUCXR_0195_1.png,0.8921278731973328,7
774,MCUCXR_0195_1.png,0.8921278731973328,9
775,MCUCXR_0294_1.png,0.7725388688062317,1
776,MCUCXR_0294_1.png,0.8536616912848902,3
777,MCUCXR_0294_1.png,0.8536616912848902,5
778,MCUCXR_0294_1.png,0.8998886099287313,7
779,MCUCXR_0294_1.png,0.8998886099287313,9
780,MCUCXR_0057_0.png,0.8210389150387754,1
781,MCUCXR_0057_0.png,0.8210389150387754,3
782,MCUCXR_0057_0.png,0.8742664778057799,5
783,MCUCXR_0057_0.png,0.8742664778057799,7
784,MCUCXR_0057_0.png,0.8742664778057799,9
785,MCUCXR_0068_0.png,0.8474762847746589,1
786,MCUCXR_0068_0.png,0.8474762847746589,3
787,MCUCXR_0068_0.png,0.8637092680199236,5
788,MCUCXR_0068_0.png,0.8637092680199236,7
789,MCUCXR_0068_0.png,0.8637092680199236,9
790,MCUCXR_0053_0.png,0.8854616399010062,1
791,MCUCXR_0053_0.png,0.8854616399010062,3
792,MCUCXR_0053_0.png,0.9316455328833284,5
793,MCUCXR_0053_0.png,0.9316455328833284,7
794,MCUCXR_0053_0.png,0.9316455328833284,9
795,MCUCXR_0002_0.png,0.866153886818386,1
796,MCUCXR_0002_0.png,0.866153886818386,3
797,MCUCXR_0002_0.png,0.870989284769981,5
798,MCUCXR_0002_0.png,0.8980527041602052,7
799,MCUCXR_0002_0.png,0.8980527041602052,9
800,MCUCXR_0020_0.png,0.8113275509911709,1
801,MCUCXR_0020_0.png,0.8883233254553278,3
802,MCUCXR_0020_0.png,0.8883233254553278,5
803,MCUCXR_0020_0.png,0.8883233254553278,7
804,MCUCXR_0020_0.png,0.8883233254553278,9
805,MCUCXR_0052_0.png,0.724545362626569,1
806,MCUCXR_0052_0.png,0.8320703946554497,3
807,MCUCXR_0052_0.png,0.852513015340546,5
808,MCUCXR_0052_0.png,0.852513015340546,7
809,MCUCXR_0052_0.png,0.852513015340546,9
810,MCUCXR_0126_1.png,0.7984527557634211,1
811,MCUCXR_0126_1.png,0.8313538210661185,3
812,MCUCXR_0126_1.png,0.8313538210661185,5
813,MCUCXR_0126_1.png,0.8313538210661185,7
814,MCUCXR_0126_1.png,0.8313538210661185,9
815,MCUCXR_0062_0.png,0.8842292473266727,1
816,MCUCXR_0062_0.png,0.9235428140728512,3
817,MCUCXR_0062_0.png,0.9428153382993268,5
818,MCUCXR_0062_0.png,0.9428153382993268,7
819,MCUCXR_0062_0.png,0.9428153382993268,9
820,MCUCXR_0069_0.png,0.8863836360805389,1
821,MCUCXR_0069_0.png,0.8876241110197244,3
822,MCUCXR_0069_0.png,0.8876241110197244,5
823,MCUCXR_0069_0.png,0.8876241110197244,7
824,MCUCXR_0069_0.png,0.8876241110197244,9
825,MCUCXR_0022_0.png,0.8922641021909516,1
826,MCUCXR_0022_0.png,0.8997365985408183,3
827,MCUCXR_0022_0.png,0.8997365985408183,5
828,MCUCXR_0022_0.png,0.8997365985408183,7
829,MCUCXR_0022_0.png,0.9062613146310987,9
830,MCUCXR_0313_1.png,0.8953128574352553,1
831,MCUCXR_0313_1.png,0.8953128574352553,3
832,MCUCXR_0313_1.png,0.8953128574352553,5
833,MCUCXR_0313_1.png,0.9132780336067824,7
834,MCUCXR_0313_1.png,0.9277709810861364,9
835,MCUCXR_0369_1.png,0.8288695703803394,1
836,MCUCXR_0369_1.png,0.8812109223089777,3
837,MCUCXR_0369_1.png,0.8929044697894643,5
838,MCUCXR_0369_1.png,0.8929044697894643,7
839,MCUCXR_0369_1.png,0.8929044697894643,9
840,MCUCXR_0218_1.png,0.8791233991930572,1
841,MCUCXR_0218_1.png,0.8791233991930572,3
842,MCUCXR_0218_1.png,0.8791233991930572,5
843,MCUCXR_0218_1.png,0.8791233991930572,7
844,MCUCXR_0218_1.png,0.8797226912881749,9
845,MCUCXR_0170_1.png,0.8437330825996524,1
846,MCUCXR_0170_1.png,0.870464559317176,3
847,MCUCXR_0170_1.png,0.8915981020189437,5
848,MCUCXR_0170_1.png,0.8915981020189437,7
849,MCUCXR_0170_1.png,0.8915981020189437,9
850,MCUCXR_0038_0.png,0.8688045084209647,1
851,MCUCXR_0038_0.png,0.8688045084209647,3
852,MCUCXR_0038_0.png,0.8688045084209647,5
853,MCUCXR_0038_0.png,0.8752625139376876,7
854,MCUCXR_0038_0.png,0.8864705415720368,9
855,MCUCXR_0004_0.png,0.868993960574998,1
856,MCUCXR_0004_0.png,0.8825283143518996,3
857,MCUCXR_0004_0.png,0.9200553237780963,5
858,MCUCXR_0004_0.png,0.9200553237780963,7
859,MCUCXR_0004_0.png,0.9200553237780963,9
860,MCUCXR_0275_1.png,0.8923673634435578,1
861,MCUCXR_0275_1.png,0.8923673634435578,3
862,MCUCXR_0275_1.png,0.8923673634435578,5
863,MCUCXR_0275_1.png,0.8923673634435578,7
864,MCUCXR_0275_1.png,0.8923673634435578,9
865,MCUCXR_0289_1.png,0.9044849513187072,1
866,MCUCXR_0289_1.png,0.9044849513187072,3
867,MCUCXR_0289_1.png,0.9044849513187072,5
868,MCUCXR_0289_1.png,0.9044849513187072,7
869,MCUCXR_0289_1.png,0.9044849513187072,9
870,MCUCXR_0352_1.png,0.8739407907808464,1
871,MCUCXR_0352_1.png,0.9204876838121239,3
872,MCUCXR_0352_1.png,0.9204876838121239,5
873,MCUCXR_0352_1.png,0.9204876838121239,7
874,MCUCXR_0352_1.png,0.9204876838121239,9
875,MCUCXR_0089_0.png,0.9135558494020547,1
876,MCUCXR_0089_0.png,0.9135558494020547,3
877,MCUCXR_0089_0.png,0.9135558494020547,5
878,MCUCXR_0089_0.png,0.9135558494020547,7
879,MCUCXR_0089_0.png,0.9135558494020547,9
880,MCUCXR_0056_0.png,0.776094829863567,1
881,MCUCXR_0056_0.png,0.8190720111300168,3
882,MCUCXR_0056_0.png,0.8190720111300168,5
883,MCUCXR_0056_0.png,0.8190720111300168,7
884,MCUCXR_0056_0.png,0.8190720111300168,9
885,MCUCXR_0150_1.png,0.9031383650646676,1
886,MCUCXR_0150_1.png,0.9064608421563081,3
887,MCUCXR_0150_1.png,0.9173636730594121,5
888,MCUCXR_0150_1.png,0.9173636730594121,7
889,MCUCXR_0150_1.png,0.9173636730594121,9
890,MCUCXR_0102_0.png,0.81691511900899,1
891,MCUCXR_0102_0.png,0.8402933087085763,3
892,MCUCXR_0102_0.png,0.8922305764411027,5
893,MCUCXR_0102_0.png,0.8922305764411027,7
894,MCUCXR_0102_0.png,0.8922305764411027,9
895,MCUCXR_0101_0.png,0.8280924345753639,1
896,MCUCXR_0101_0.png,0.9109815964764361,3
897,MCUCXR_0101_0.png,0.9109815964764361,5
898,MCUCXR_0101_0.png,0.9109815964764361,7
899,MCUCXR_0101_0.png,0.9109815964764361,9
900,MCUCXR_0362_1.png,0.767320977935388,1
901,MCUCXR_0362_1.png,0.875287343974907,3
902,MCUCXR_0362_1.png,0.875287343974907,5
903,MCUCXR_0362_1.png,0.875287343974907,7
904,MCUCXR_0362_1.png,0.875287343974907,9
